<?xml version="1.0" encoding="UTF-8"?>
<Configuration status="WARN">
    <Appenders>
        <!-- Console Appender -->
        <Console name="Console" target="SYSTEM_OUT">
            <PatternLayout pattern="%d{yyyy-MM-dd HH:mm:ss} [%t] %-5level %logger{36} - %msg%n" />
        </Console>

        <!-- File Appender -->
        <File name="FileLog" fileName="logs/application-${date:yyyy-MM-dd}.log">
            <PatternLayout pattern="%d{yyyy-MM-dd HH:mm:ss} [%t] %-5level %logger{36} - %msg%n" />
        </File>
        <File name="ErrorLogger" fileName="logs/error.log" append="true">
            <PatternLayout pattern="%d{yyyy-MM-dd HH:mm:ss} [%t] %-5level %logger{36} - %msg%n" />
        </File>

    </Appenders>

    <Loggers>
        <!-- Application Logger -->
        <Logger name="com.example" level="debug" additivity="false">
            <AppenderRef ref="Console" />
            <AppenderRef ref="FileLog" />
        </Logger>

        <!-- Root Logger -->
        <Root level="info">
            <AppenderRef ref="Console" />
            <AppenderRef ref="FileLog" />
        </Root>
        <Logger name="ErrorLogger" level="error" additivity="false">
            <AppenderRef ref="ErrorLogger" />
        </Logger>
    </Loggers>
</Configuration>